[
  {
    "id": "25b295ad-9f64-469d-ab95-1f0a8d083630",
    "name": "Miro - Create Board",
    "description": "Create a New Miro Whiteboard",
    "icon": "https://s3-xmatters-static.s3.amazonaws.com/null/customers/ee2346ad-aba3-4613-896f-d5dccd0340af/IMAGE__20201015144440490__miro.png",
    "script": "\nconsole.log(\"*** Starting Create Miro board step\");\nvar postRequest = http.request({\n\t'endpoint': 'Miro',\n    'method': 'POST',\n    'path': '/v1/boards/',\n    'headers': {\n        'Content-Type': 'application/json',\n        'Authorization': 'Bearer ' + input['token']\n    }\n});\n\nvar postData = {\n    \"name\": input['BoardName'],\n\t\"sharingPolicy\": {\n\t    \"access\": input['sharingPolicy-access'],\n\t    \"teamAccess\": input['sharingPolicy-teamAccess']\n\t}\n};\nconsole.log(\"*** var postData: \" + postData);\n\n\nvar apiResponse = postRequest.write(postData);\nvar responseOutput = JSON.parse(apiResponse.body)\n\nconsole.log(\"*** var apiResponse body: \" + responseOutput);\n\noutput['response'] = apiResponse.statusCode;\noutput['boardId'] = responseOutput.id;\noutput['viewLink'] = responseOutput.viewLink;\nconsole.log(\"viewLink: \" + responseOutput.viewLink);\nconsole.log(\"StatusCode: \" + apiResponse.statusCode);\nconsole.log(\"boardId: \" + responseOutput.id);\nconsole.log(\"*** END of Miro create board step\");\n",
    "endpointLabel": "Miro",
    "allowedEnvironment": "HOSTED",
    "accessibleByAll": "NotShared",
    "scriptStepType": "USER",
    "inputs": [
      {
        "id": "5f657fed-b8f1-4e7a-b257-bd4d4718c470",
        "name": "BoardName",
        "helpText": "",
        "defaultValue": "",
        "multiline": false,
        "required": false,
        "maxLength": 200,
        "minLength": 0,
        "position": 0
      },
      {
        "id": "533b8b3d-65fa-4923-9c5d-f8793ffa1e17",
        "name": "sharingPolicy-access",
        "helpText": "sharingPolicy.access can be private, view, comment",
        "defaultValue": "view",
        "multiline": false,
        "required": false,
        "maxLength": 200,
        "minLength": 0,
        "position": 1
      },
      {
        "id": "54adbdab-0e1c-4c0f-93c1-280725821729",
        "name": "sharingPolicy-teamAccess",
        "helpText": "sharingPolicy.teamAccess can be private, view, comment, edit",
        "multiline": false,
        "required": false,
        "maxLength": 2000,
        "minLength": 0,
        "position": 2
      },
      {
        "id": "943fa99d-a16e-4788-a3b7-adf8baa3558b",
        "name": "token",
        "helpText": "Grab your account API token",
        "defaultValue": "",
        "multiline": false,
        "required": false,
        "maxLength": 2000,
        "minLength": 0,
        "position": 3
      }
    ],
    "outputs": [
      {
        "id": "4967f4c8-a4d3-43a2-bde7-7fcc39189a47",
        "name": "response",
        "position": 0
      },
      {
        "id": "d82526bf-0888-4b55-aa43-c87a529757fc",
        "name": "boardId",
        "position": 1
      },
      {
        "id": "e9098eb9-43df-4204-8451-3f36773c3eb4",
        "name": "viewLink",
        "position": 2
      }
    ],
    "libraries": []
  },
  {
    "id": "78946839-fc22-4618-84e8-0512ebcc54a2",
    "name": "Miro - Post to Board",
    "description": "Post to Existing Miro Board",
    "icon": "https://s3-xmatters-static.s3.amazonaws.com/null/customers/ee2346ad-aba3-4613-896f-d5dccd0340af/IMAGE__20201015144440490__miro.png",
    "script": "console.log(\"*** Starting Post Widget to Board step\");\n\nvar postRequest = http.request({\n\t'endpoint': 'Miro',\n    'method': 'POST',\n    'path': '/v1/boards/' + input['BoardId'] + '/widgets',\n    'headers': {\n        'Content-Type': 'application/json',\n        'Authorization': 'Bearer ' + input['token']\n    }\n});\n\nvar postData = {\n    \"type\": input['type'],\n\t\"text\": \"<B>\" + input['text-title'] + \"</B>\" + \"<br>\" + input['text-detail']\n\t}\n;\n\nvar apiResponse = postRequest.write(postData);\n\noutput['reponse'] = apiResponse.statusCode;\nconsole.log(\"*** Finishing Post Widget to Board step\");\n\n/*\n* Inputs for the script step appear as properties\n* of the input object.\n* This example shows how to access Inputs named\n* 'APIKey' and 'Application Host'.\n*/\n//var department = input.APIKey;\n//var address = input['Application Host'];\n\n/*\n* If an input is not required, it may not be\n* present on the input object. Check that it\n* is present before using it.\n*/\n//if (input.priorityLevel != null) {\n//     var priority = input.priorityLevel.toUpperCase();\n//}\n\n/*\n* If the script step has declared outputs, their\n* values should be set on the output object.\n* This example shows how to emit outputs named\n* 'Priority' and 'Server Name'.\n*/\n//output.Priority = priority;\n//output['Server Name'] = input['Application Host'];\n\n/**\n * To use a library in this script, include the following statements, replacing\n * 'My Library' with the reference name you give the library when you select to\n * include it in the script.\n */\n// var helloWorld = require('hello world')\n// output['Message'] = helloWorld.createGreeting('sample message') // \"Hello, sample message\"\n\n/*\n* If the script step has an endpoint, it can\n* be used to make HTTP requests.\n* This example shows how to make a request using\n* an endpoint named 'ExampleAPI' and an input\n* named 'personId', then set the output property\n* 'User Name' using the result.\n*/\n//var apiRequest = http.request({\n//    'endpoint': 'ExampleAPI',\n//    'path': '/api/1/persons/' + input.personId,\n//    'method': 'GET'\n//});\n//var apiResponse = apiRequest.write();\n//if (apiResponse.statusCode == 200) {\n//    var person = JSON.parse(apiResponse.body);\n//    output['User Name'] = person.username\n//}\n ",
    "endpointLabel": "Miro",
    "allowedEnvironment": "HOSTED",
    "accessibleByAll": "NotShared",
    "scriptStepType": "USER",
    "inputs": [
      {
        "id": "55d49783-2ffc-4f8f-bf38-909e632a0290",
        "name": "BoardId",
        "helpText": "",
        "defaultValue": "",
        "multiline": false,
        "required": false,
        "maxLength": 200,
        "minLength": 0,
        "position": 0
      },
      {
        "id": "070ea76a-49af-4ab3-a572-b861d1808434",
        "name": "type",
        "helpText": "This endpoint currently supports next widget types: card, sticker, text, shape, line.",
        "defaultValue": "sticker",
        "multiline": false,
        "required": false,
        "maxLength": 200,
        "minLength": 0,
        "position": 1
      },
      {
        "id": "0a11a6d7-3c60-49af-9b84-5abfeafee7bd",
        "name": "text-title",
        "helpText": "Title of the card (typically incident number)",
        "multiline": false,
        "required": false,
        "maxLength": 2000,
        "minLength": 0,
        "position": 2
      },
      {
        "id": "4dbc2836-7a72-4d7f-a87f-f5b2fe72e6e0",
        "name": "token",
        "helpText": "Grab your account API token",
        "defaultValue": "",
        "multiline": false,
        "required": false,
        "maxLength": 2000,
        "minLength": 0,
        "position": 3
      },
      {
        "id": "2735997f-89ce-4bbd-82c4-a6cde3967cca",
        "name": "text-detail",
        "helpText": "Detail message content",
        "defaultValue": "",
        "multiline": false,
        "required": false,
        "maxLength": 2000,
        "minLength": 0,
        "position": 4
      }
    ],
    "outputs": [
      {
        "id": "3faff05d-7cc7-4f0c-b3c5-23e2855fc06b",
        "name": "response",
        "position": 0
      }
    ],
    "libraries": []
  }
]