{
  "name": "Miro Steps",
  "form": "3b32aa6c-6949-49cf-9f06-f4172e953d09",
  "blocks": [
    {
      "id": "d6dc4f27-6bf8-4a60-8516-12e5d4e8d0bc",
      "label": "Miro - Create Board",
      "environment": "HOSTED",
      "presentation": "{\"w\":60,\"x\":220,\"h\":60,\"y\":40}",
      "step": "25b295ad-9f64-469d-ab95-1f0a8d083630",
      "stepType": "SCRIPT_STEP",
      "inputMappings": [
        {
          "inputPort": "input",
          "mapping": "view",
          "stepInput": "533b8b3d-65fa-4923-9c5d-f8793ffa1e17"
        }
      ]
    },
    {
      "id": "6e397174-c41f-4364-b21c-048fc9435cf3",
      "label": "Miro - Post to Board",
      "environment": "HOSTED",
      "presentation": "{\"w\":60,\"x\":220,\"h\":60,\"y\":260}",
      "step": "78946839-fc22-4618-84e8-0512ebcc54a2",
      "stepType": "SCRIPT_STEP",
      "inputMappings": [
        {
          "inputPort": "input",
          "mapping": "sticker",
          "stepInput": "070ea76a-49af-4ab3-a572-b861d1808434"
        }
      ]
    }
  ]
}